order_id,order_date,customer_name,product,quantity,unit_price,amount,status
ORD-00885,2026-03-15,Tina,Gadget B,12,146.96,1763.52,pending
ORD-00866,2026-01-30,Jack,Device D,7,248.3,1738.1,delivered
ORD-00584,2026-02-19,Eve,Widget A,13,459.47,5973.11,shipped
ORD-00219,2026-02-11,Karen,Device D,20,476.63,9532.6,delivered
ORD-00291,2026-01-09,Liam,Tool C,10,326.12,3261.2,shipped
ORD-00189,2026-02-20,Quinn,Device D,12,351.9,4222.8,shipped
ORD-00881,2026-01-08,Bob,Gadget B,14,443.45,6208.3,cancelled
ORD-00769,2026-03-24,Grace,Module F,19,130.15,2472.85,delivered
ORD-00290,2026-01-06,Patrick,Device D,8,473.0,3784.0,confirmed
ORD-00329,2026-02-12,Liam,Widget A,10,252.11,2521.1,pending
ORD-00485,2026-01-20,Jack,Unit G,17,210.76,3582.92,shipped
ORD-00182,2026-02-13,Grace,Tool C,8,443.11,3544.88,pending
ORD-00580,2026-01-07,Ivy,Unit G,7,111.49,780.43,confirmed
ORD-00825,2026-01-16,Alice,Module F,8,405.82,3246.56,pending
ORD-00798,2026-03-21,Liam,Part H,15,325.14,4877.1,cancelled
ORD-00813,2026-01-06,Liam,Module F,18,127.86,2301.48,delivered
ORD-00158,2026-01-24,Grace,Unit G,3,423.34,1270.02,confirmed
ORD-00426,2026-02-16,Henry,Widget A,13,340.43,4425.59,shipped
ORD-00787,2026-03-06,Liam,Unit G,17,486.1,8263.7,shipped
ORD-00319,2026-03-12,Bob,Part H,17,412.96,7020.32,shipped
ORD-00511,2026-01-07,Charlie,Part H,8,248.24,1985.92,confirmed
ORD-00728,2026-01-23,Mia,Unit G,17,310.11,5271.87,pending
ORD-00380,2026-02-05,Charlie,Unit G,12,56.45,677.4,cancelled
ORD-00583,2026-03-05,Karen,Component E,4,211.28,845.12,cancelled
ORD-00883,2026-02-26,Rachel,Component E,15,222.5,3337.5,cancelled
ORD-00892,2026-03-20,Alice,Gadget B,12,347.41,4168.92,cancelled
ORD-00270,2026-02-22,Patrick,Tool C,1,440.1,440.1,pending
ORD-00079,2026-02-16,Karen,Device D,7,454.7,3182.9,confirmed
ORD-00828,2026-02-17,Henry,Component E,2,206.19,412.38,delivered
ORD-00313,2026-01-31,Bob,Unit G,4,483.67,1934.68,delivered
ORD-00351,2026-02-21,Karen,Tool C,2,219.67,439.34,pending
ORD-00180,2026-03-28,Mia,Component E,1,350.42,350.42,shipped
ORD-00528,2026-03-03,Olivia,Module F,17,104.83,1782.11,pending
ORD-00615,2026-03-05,Mia,Part H,17,373.21,6344.57,confirmed
ORD-00571,2026-03-06,Grace,Gadget B,17,429.89,7308.13,delivered
ORD-00201,2026-02-16,Henry,Module F,14,133.25,1865.5,cancelled
ORD-00184,2026-03-26,Quinn,Device D,12,368.15,4417.8,pending
ORD-00478,2026-02-26,Diana,Module F,17,221.26,3761.42,confirmed
ORD-00175,2026-03-14,Diana,Gadget B,14,416.7,5833.8,shipped
ORD-00387,2026-01-13,Diana,Tool C,16,34.29,548.64,shipped
ORD-00434,2026-02-28,Eve,Component E,20,280.35,5607.0,shipped
ORD-00676,2026-03-08,Eve,Component E,9,397.69,3579.21,cancelled
ORD-00669,2026-02-10,Tina,Unit G,18,314.81,5666.58,cancelled
ORD-00447,2026-01-02,Sam,Tool C,9,464.48,4180.32,confirmed
ORD-00654,2026-02-21,Frank,Component E,15,380.7,5710.5,confirmed
ORD-00842,2026-03-11,Ivy,Module F,16,259.18,4146.88,delivered
ORD-00803,2026-01-02,Ivy,Gadget B,5,172.81,864.05,confirmed
ORD-00779,2026-01-23,Bob,Device D,8,261.6,2092.8,cancelled
ORD-00480,2026-03-22,Olivia,Part H,6,243.89,1463.34,cancelled
ORD-00084,2026-03-28,Tina,Gadget B,19,221.06,4200.14,delivered
ORD-00845,2026-02-13,Diana,Module F,11,374.07,4114.77,delivered
ORD-00557,2026-02-09,Eve,Unit G,12,471.84,5662.08,pending
ORD-00246,2026-02-14,Noah,Part H,20,64.04,1280.8,delivered
ORD-00848,2026-01-23,Henry,Unit G,8,267.91,2143.28,delivered
ORD-00114,2026-03-12,Olivia,Part H,1,326.69,326.69,pending
ORD-00127,2026-02-12,Bob,Widget A,12,187.03,2244.36,pending
ORD-00886,2026-02-24,Grace,Widget A,13,205.8,2675.4,pending
ORD-00260,2026-01-01,Eve,Module F,4,207.47,829.88,delivered
ORD-00081,2026-03-15,Diana,Module F,19,413.21,7850.99,cancelled
ORD-00525,2026-03-24,Alice,Component E,7,355.08,2485.56,delivered
ORD-00394,2026-02-25,Noah,Device D,20,347.74,6954.8,delivered
ORD-00872,2026-01-15,Henry,Widget A,7,281.02,1967.14,confirmed
ORD-00090,2026-02-18,Quinn,Device D,11,411.06,4521.66,delivered
ORD-00472,2026-01-20,Rachel,Component E,6,202.18,1213.08,confirmed
ORD-00005,2026-01-15,Charlie,Tool C,17,343.44,5838.48,confirmed
ORD-00192,2026-01-09,Henry,Device D,4,363.51,1454.04,pending
ORD-00355,2026-01-25,Henry,Widget A,11,113.72,1250.92,confirmed
ORD-00108,2026-01-23,Olivia,Part H,8,330.49,2643.92,delivered
ORD-00712,2026-03-08,Henry,Part H,13,385.18,5007.34,pending
ORD-00031,2026-01-22,Sam,Tool C,14,28.44,398.16,confirmed
ORD-00640,2026-01-28,Ivy,Module F,11,382.23,4204.53,delivered
ORD-00425,2026-02-11,Patrick,Component E,18,398.02,7164.36,delivered
ORD-00778,2026-01-27,Tina,Module F,16,342.33,5477.28,confirmed
ORD-00893,2026-03-05,Alice,Widget A,6,181.52,1089.12,pending
ORD-00338,2026-01-20,Mia,Unit G,8,162.53,1300.24,delivered
ORD-00575,2026-02-10,Sam,Module F,10,463.18,4631.8,pending
ORD-00395,2026-02-24,Bob,Unit G,15,368.09,5521.35,delivered
ORD-00838,2026-02-16,Grace,Module F,11,187.24,2059.64,cancelled
ORD-00544,2026-03-14,Jack,Module F,5,213.85,1069.25,pending
ORD-00687,2026-03-15,Bob,Tool C,14,10.29,144.06,shipped
ORD-00731,2026-01-18,Rachel,Widget A,17,267.96,4555.32,cancelled
ORD-00160,2026-02-12,Quinn,Module F,20,60.72,1214.4,delivered
ORD-00776,2026-02-25,Henry,Part H,5,391.96,1959.8,shipped
ORD-00327,2026-01-31,Mia,Device D,19,229.07,4352.33,delivered
ORD-00506,2026-02-07,Bob,Widget A,12,273.63,3283.56,cancelled
ORD-00029,2026-01-20,Ivy,Device D,11,393.09,4323.99,shipped
ORD-00255,2026-01-05,Karen,Device D,12,188.57,2262.84,pending
ORD-00927,2026-03-08,,Component E,13,327.28,4254.64,confirmed
ORD-00050,2026-03-20,Frank,Tool C,19,184.14,3498.66,delivered
ORD-00070,2026-01-18,Sam,Part H,10,473.12,4731.2,confirmed
ORD-00656,2026-02-14,Grace,Device D,7,180.21,1261.47,pending
ORD-00604,2026-01-17,Mia,Component E,14,395.01,5530.14,pending
ORD-00176,2026-02-13,Henry,Part H,19,321.42,6106.98,shipped
ORD-00780,2026-03-29,Henry,Module F,2,267.76,535.52,cancelled
ORD-00759,2026-03-27,Jack,Tool C,11,186.07,2046.77,cancelled
ORD-00282,2026-01-29,Diana,Device D,5,246.69,1233.45,pending
ORD-00203,2026-01-21,Noah,Component E,7,97.4,681.8,confirmed
ORD-00533,2026-03-24,Eve,Component E,19,427.08,8114.52,delivered
ORD-00757,2026-02-04,Mia,Gadget B,5,70.23,351.15,delivered
ORD-00898,2026-02-24,Noah,Module F,4,313.99,1255.96,delivered
ORD-00125,2026-03-07,Alice,Component E,18,474.26,8536.68,cancelled
ORD-00336,2026-02-02,Quinn,Widget A,1,138.82,138.82,delivered
ORD-00273,2026-03-27,Quinn,Component E,7,75.8,530.6,shipped
ORD-00332,2026-03-23,Sam,Unit G,18,182.81,3290.58,confirmed
ORD-00483,2026-01-14,Sam,Part H,2,290.9,581.8,delivered
ORD-00307,2026-03-15,Jack,Gadget B,6,427.72,2566.32,delivered
ORD-00509,2026-01-01,Jack,Component E,2,183.3,366.6,pending
ORD-00068,2026-02-17,Noah,Component E,14,41.55,581.7,delivered
ORD-00211,2026-03-03,Mia,Unit G,17,283.32,4816.44,cancelled
ORD-00337,2026-03-11,Mia,Unit G,9,393.12,3538.08,confirmed
ORD-00720,2026-02-11,Henry,Unit G,14,123.13,1723.82,delivered
ORD-00717,2026-03-07,Eve,Unit G,3,348.68,1046.04,confirmed
ORD-00614,2026-02-12,Karen,Tool C,9,288.45,2596.05,delivered
ORD-00799,2026-01-12,Quinn,Component E,11,15.08,165.88,pending
ORD-00726,2026-03-04,Karen,Widget A,19,166.94,3171.86,confirmed
ORD-00804,2026-03-25,Jack,Tool C,9,31.12,280.08,confirmed
ORD-00595,2026-01-24,Liam,Part H,20,66.62,1332.4,pending
ORD-00474,2026-01-26,Tina,Widget A,3,488.02,1464.06,confirmed
ORD-00535,2026-02-19,Tina,Part H,11,69.53,764.83,cancelled
ORD-00647,2026-02-28,Quinn,Widget A,1,427.31,427.31,shipped
ORD-00015,2026-01-21,Liam,Gadget B,2,201.19,402.38,confirmed
ORD-00109,2026-03-11,Henry,Tool C,14,496.84,6955.76,cancelled
ORD-00123,2026-03-31,Bob,Tool C,12,134.21,1610.52,shipped
ORD-00871,2026-01-20,Frank,Device D,11,389.45,4283.95,shipped
ORD-00048,2026-02-08,Liam,Widget A,1,203.98,203.98,pending
ORD-00248,2026-01-26,Ivy,Part H,15,77.75,1166.25,delivered
ORD-00463,2026-02-27,Sam,Module F,19,235.33,4471.27,pending
ORD-00894,2026-02-10,Rachel,Module F,16,445.31,7124.96,shipped
ORD-00503,2026-01-31,Eve,Device D,2,14.25,28.5,cancelled
ORD-00607,2026-01-07,Eve,Module F,12,49.7,596.4,delivered
ORD-00452,2026-02-20,Karen,Module F,17,14.69,249.73,delivered
ORD-00553,2026-02-07,Charlie,Component E,8,421.0,3368.0,cancelled
ORD-00320,2026-02-20,Charlie,Gadget B,10,47.06,470.6,shipped
ORD-00299,2026-03-02,Noah,Component E,20,381.84,7636.8,shipped
ORD-00265,2026-01-13,Grace,Widget A,18,204.77,3685.86,cancelled
ORD-00618,2026-02-17,Liam,Tool C,7,432.69,3028.83,confirmed
ORD-00464,2026-02-23,Henry,Part H,10,465.33,4653.3,confirmed
ORD-00091,2026-02-04,Liam,Tool C,7,359.07,2513.49,cancelled
ORD-00496,2026-03-12,Sam,Device D,13,41.34,537.42,delivered
ORD-00055,2026-01-21,Liam,Component E,6,233.99,1403.94,shipped
ORD-00479,2026-02-12,Frank,Widget A,10,112.97,1129.7,cancelled
ORD-00133,2026-03-28,Henry,Part H,20,195.63,3912.6,delivered
ORD-00539,2026-03-23,Karen,Tool C,4,170.82,683.28,confirmed
ORD-00391,2026-03-10,Henry,Unit G,7,471.76,3302.32,confirmed
ORD-00283,2026-03-31,Mia,Part H,13,416.61,5415.93,delivered
ORD-00470,2026-02-11,Noah,Device D,9,239.98,2159.82,delivered
ORD-00107,2026-02-22,Liam,Component E,16,280.36,4485.76,shipped
ORD-00143,2026-02-12,Liam,Module F,13,140.87,1831.31,delivered
ORD-00469,2026-02-08,Liam,Component E,20,106.05,2121.0,cancelled
ORD-00342,2026-03-12,Sam,Tool C,20,54.1,1082.0,confirmed
ORD-00263,2026-02-23,Noah,Unit G,6,92.24,553.44,confirmed
ORD-00101,2026-03-06,Bob,Unit G,18,274.73,4945.14,cancelled
ORD-00684,2026-01-30,Grace,Tool C,5,400.03,2000.15,delivered
ORD-00471,2026-03-16,Frank,Unit G,14,340.98,4773.72,pending
ORD-00193,2026-03-13,Mia,Device D,6,255.97,1535.82,confirmed
ORD-00568,2026-02-23,Sam,Component E,11,447.44,4921.84,confirmed
ORD-00229,2026-03-21,Patrick,Part H,6,297.48,1784.88,pending
ORD-00173,2026-03-20,Patrick,Component E,14,202.9,2840.6,shipped
ORD-00912,2026-03-30,Frank,Component E,,236.55,,cancelled
ORD-00730,2026-03-08,Sam,Device D,17,290.47,4937.99,pending
ORD-00316,2026-03-24,Ivy,Component E,3,352.94,1058.82,shipped
ORD-00142,2026-03-08,Olivia,Component E,8,59.64,477.12,cancelled
ORD-00416,2026-03-20,Jack,Device D,17,298.35,5071.95,delivered
ORD-00135,2026-02-07,Alice,Device D,7,29.06,203.42,confirmed
ORD-00362,2026-01-09,Quinn,Unit G,14,210.05,2940.7,confirmed
ORD-00247,2026-03-11,Eve,Widget A,7,297.62,2083.34,shipped
ORD-00832,2026-03-09,Liam,Gadget B,19,95.12,1807.28,pending
ORD-00698,2026-02-01,Henry,Module F,1,388.1,388.1,cancelled
ORD-00790,2026-02-19,Quinn,Part H,3,283.88,851.64,confirmed
ORD-00905,2026-02-24,Noah,Gadget B,11,62.5,687.5,
ORD-00349,2026-01-29,Eve,Part H,16,120.16,1922.56,pending
ORD-00692,2026-03-05,Alice,Module F,11,362.28,3985.08,pending
ORD-00609,2026-01-27,Patrick,Tool C,3,89.15,267.45,shipped
ORD-00171,2026-03-12,Henry,Tool C,8,208.97,1671.76,delivered
ORD-00763,2026-01-22,Liam,Part H,1,46.61,46.61,pending
ORD-00149,2026-03-08,Henry,Module F,6,170.28,1021.68,confirmed
ORD-00065,2026-03-13,Frank,Tool C,2,232.74,465.48,pending
ORD-00681,2026-02-10,Tina,Part H,14,178.71,2501.94,delivered
ORD-00408,2026-03-04,Frank,Widget A,20,27.64,552.8,delivered
ORD-00241,2026-03-01,Olivia,Unit G,3,142.2,426.6,cancelled
ORD-00054,2026-01-03,Patrick,Module F,1,415.92,415.92,confirmed
ORD-00295,2026-03-27,Rachel,Part H,20,480.12,9602.4,delivered
ORD-00532,2026-02-19,Ivy,Widget A,19,99.56,1891.64,pending
ORD-00340,2026-01-24,Charlie,Device D,10,94.49,944.9,confirmed
ORD-00875,2026-02-26,Noah,Widget A,2,263.74,527.48,confirmed
ORD-00635,2026-02-21,Olivia,Tool C,4,307.77,1231.08,delivered
ORD-00413,2026-02-24,Bob,Module F,14,314.37,4401.18,pending
ORD-00069,2026-01-08,Olivia,Unit G,3,332.47,997.41,delivered
ORD-00925,2026-02-09,,Device D,2,303.22,606.44,cancelled
ORD-00443,2026-02-24,Liam,Tool C,11,67.21,739.31,confirmed
ORD-00473,2026-02-07,Karen,Gadget B,12,458.85,5506.2,confirmed
ORD-00549,2026-02-14,Charlie,Component E,16,284.92,4558.72,confirmed
ORD-00628,2026-03-24,Mia,Widget A,15,278.99,4184.85,cancelled
ORD-00341,2026-03-31,Patrick,Tool C,7,287.2,2010.4,delivered
ORD-00713,2026-03-20,Jack,Device D,8,481.87,3854.96,pending
ORD-00560,2026-03-16,Patrick,Unit G,5,203.77,1018.85,shipped
ORD-00128,2026-01-19,Diana,Device D,18,273.8,4928.4,pending
ORD-00058,2026-03-08,Mia,Component E,7,251.48,1760.36,shipped
ORD-00638,2026-02-13,Diana,Gadget B,3,260.53,781.59,delivered
ORD-00095,2026-02-02,Rachel,Component E,16,461.35,7381.6,cancelled
ORD-00194,2026-02-19,Bob,Widget A,12,227.25,2727.0,shipped
ORD-00534,2026-02-13,Sam,Device D,1,497.34,497.34,pending
ORD-00690,2026-03-02,Liam,Widget A,15,302.52,4537.8,cancelled
ORD-00922,2026-03-12,,Gadget B,20,357.29,7145.8,pending
ORD-00409,2026-02-06,Liam,Device D,18,95.88,1725.84,confirmed
ORD-00693,2026-02-22,Alice,Widget A,12,237.72,2852.64,shipped
ORD-00311,2026-01-18,Bob,Part H,14,281.73,3944.22,delivered
ORD-00318,2026-03-23,Jack,Module F,6,185.11,1110.66,delivered
ORD-00208,2026-01-19,Ivy,Tool C,11,260.74,2868.14,shipped
ORD-00729,2026-03-03,Rachel,Component E,15,318.95,4784.25,pending
ORD-00134,2026-04-01,Rachel,Widget A,2,196.82,393.64,confirmed
ORD-00543,2026-03-09,Grace,Module F,7,290.92,2036.44,confirmed
ORD-00141,2026-02-24,Olivia,Part H,20,152.44,3048.8,delivered
ORD-00264,2026-02-03,Quinn,Component E,16,310.25,4964.0,cancelled
ORD-00513,2026-02-09,Grace,Device D,20,475.98,9519.6,confirmed
ORD-00103,2026-01-02,Eve,Widget A,20,28.81,576.2,delivered
ORD-00086,2026-01-18,Henry,Part H,10,255.04,2550.4,cancelled
ORD-00004,2026-03-28,Bob,Unit G,19,346.99,6592.81,delivered
ORD-00230,2026-01-04,Jack,Widget A,5,211.07,1055.35,pending
ORD-00468,2026-03-17,Frank,Device D,5,403.94,2019.7,confirmed
ORD-00793,2026-02-19,Alice,Gadget B,10,150.07,1500.7,cancelled
ORD-00771,2026-02-05,Liam,Gadget B,8,122.43,979.44,delivered
ORD-00494,2026-03-21,Henry,Unit G,20,336.99,6739.8,confirmed
ORD-00493,2026-01-01,Karen,Part H,16,318.89,5102.24,pending
ORD-00278,2026-02-05,Eve,Unit G,6,327.8,1966.8,pending
ORD-00596,2026-02-11,Grace,Part H,6,288.6,1731.6,delivered
ORD-00481,2026-02-06,Karen,Component E,18,36.3,653.4,pending
ORD-00367,2026-01-05,Henry,Widget A,19,185.54,3525.26,shipped
ORD-00181,2026-03-29,Jack,Widget A,11,83.68,920.48,pending
ORD-00800,2026-03-09,Tina,Unit G,12,136.49,1637.88,shipped
ORD-00836,2026-03-20,Quinn,Part H,14,214.16,2998.24,pending
ORD-00643,2026-03-08,Mia,Component E,19,316.35,6010.65,shipped
ORD-00853,2026-01-05,Frank,Widget A,1,43.05,43.05,delivered
ORD-00587,2026-03-03,Eve,Tool C,11,429.42,4723.62,shipped
ORD-00565,2026-01-15,Henry,Module F,12,237.42,2849.04,confirmed
ORD-00802,2026-03-05,Karen,Widget A,13,254.67,3310.71,confirmed
ORD-00185,2026-01-02,Jack,Device D,12,407.77,4893.24,shipped
ORD-00018,2026-01-27,Rachel,Gadget B,7,326.03,2282.21,delivered
ORD-00517,2026-03-04,Charlie,Gadget B,2,30.85,61.7,shipped
ORD-00674,2026-02-16,Jack,Module F,15,12.36,185.4,confirmed
ORD-00137,2026-01-07,Frank,Module F,4,157.98,631.92,delivered
ORD-00062,2026-01-23,Noah,Module F,7,137.39,961.73,confirmed
ORD-00304,2026-01-25,Rachel,Widget A,12,148.92,1787.04,cancelled
ORD-00435,2026-02-19,Grace,Module F,7,371.57,2600.99,cancelled
ORD-00148,2026-03-18,Eve,Gadget B,18,288.88,5199.84,cancelled
ORD-00161,2026-02-02,Patrick,Unit G,14,480.11,6721.54,shipped
ORD-00540,2026-02-13,Patrick,Widget A,15,352.97,5294.55,delivered
ORD-00718,2026-01-01,Frank,Device D,5,480.95,2404.75,shipped
ORD-00064,2026-03-16,Jack,Device D,15,169.52,2542.8,pending
ORD-00682,2026-03-20,Henry,Unit G,12,123.75,1485.0,cancelled
ORD-00901,2026-01-10,Ivy,Device D,9,188.65,1697.85,
ORD-00012,2026-03-11,Noah,Gadget B,1,383.43,383.43,delivered
ORD-00132,2026-01-19,Liam,Device D,8,346.65,2773.2,pending
ORD-00636,2026-01-05,Karen,Gadget B,8,167.92,1343.36,shipped
ORD-00324,2026-03-03,Quinn,Widget A,11,216.61,2382.71,confirmed
ORD-00913,2026-01-20,,Component E,6,202.53,1215.18,cancelled
ORD-00786,2026-01-21,Liam,Component E,9,122.87,1105.83,delivered
ORD-00347,2026-01-09,Grace,Device D,3,121.81,365.43,confirmed
ORD-00874,2026-02-19,Quinn,Widget A,10,53.15,531.5,shipped
ORD-00658,2026-02-18,Henry,Part H,11,436.81,4804.91,shipped
ORD-00448,2026-02-20,Henry,Module F,8,466.27,3730.16,delivered
ORD-00104,2026-02-17,Mia,Part H,1,430.01,430.01,pending
ORD-00392,2026-03-27,Henry,Widget A,8,138.89,1111.12,shipped
ORD-00500,2026-02-18,Frank,Part H,8,82.85,662.8,cancelled
ORD-00814,2026-02-23,Diana,Component E,14,327.7,4587.8,cancelled
ORD-00262,2026-01-12,Rachel,Part H,2,293.93,587.86,cancelled
ORD-00603,2026-03-08,Patrick,Module F,2,162.14,324.28,cancelled
ORD-00796,2026-03-24,Grace,Gadget B,13,206.83,2688.79,shipped
ORD-00279,2026-02-20,Diana,Tool C,20,18.42,368.4,pending
ORD-00719,2026-02-10,Ivy,Tool C,1,260.69,260.69,delivered
ORD-00222,2026-01-20,Mia,Tool C,12,311.28,3735.36,cancelled
ORD-00891,2026-03-29,Quinn,Component E,20,309.42,6188.4,shipped
ORD-00610,2026-01-02,Rachel,Part H,19,237.2,4506.8,delivered
ORD-00626,2026-03-24,Mia,Widget A,19,374.95,7124.05,delivered
ORD-00795,2026-01-01,Diana,Tool C,4,103.86,415.44,pending
ORD-00314,2026-03-23,Mia,Part H,13,417.03,5421.39,delivered
ORD-00741,2026-01-18,Mia,Widget A,8,130.15,1041.2,pending
ORD-00400,2026-02-09,Sam,Gadget B,9,10.46,94.14,shipped
ORD-00006,2026-01-02,Liam,Device D,4,237.85,951.4,shipped
ORD-00252,2026-01-27,Patrick,Unit G,20,137.63,2752.6,cancelled
ORD-00566,2026-03-28,Alice,Tool C,19,205.27,3900.13,pending
ORD-00317,2026-02-10,Noah,Part H,8,16.79,134.32,shipped
ORD-00816,2026-03-07,Jack,Unit G,15,459.89,6898.35,confirmed
ORD-00519,2026-03-24,Patrick,Module F,11,338.61,3724.71,cancelled
ORD-00251,2026-01-07,Bob,Module F,17,65.4,1111.8,delivered
ORD-00736,2026-01-17,Quinn,Module F,6,109.43,656.58,pending
ORD-00459,2026-02-28,Eve,Device D,15,65.35,980.25,confirmed
ORD-00042,2026-02-28,Sam,Unit G,18,450.35,8106.3,shipped
ORD-00538,2026-02-04,Eve,Widget A,19,418.4,7949.6,shipped
ORD-00826,2026-01-12,Alice,Module F,5,493.28,2466.4,delivered
ORD-00289,2026-02-05,Jack,Part H,2,250.38,500.76,cancelled
ORD-00882,2026-02-21,Charlie,Device D,12,465.39,5584.68,shipped
ORD-00456,2026-02-07,Karen,Component E,11,265.34,2918.74,confirmed
ORD-00056,2026-01-02,Henry,Widget A,10,281.59,2815.9,pending
ORD-00552,2026-03-01,Bob,Module F,16,179.61,2873.76,pending
ORD-00734,2026-02-10,Tina,Module F,19,420.47,7988.93,confirmed
ORD-00740,2026-03-19,Quinn,Widget A,9,99.94,899.46,pending
ORD-00590,2026-03-05,Alice,Gadget B,6,116.11,696.66,delivered
ORD-00312,2026-01-19,Diana,Device D,5,101.24,506.2,confirmed
ORD-00715,2026-01-25,Liam,Unit G,3,24.03,72.09,pending
ORD-00672,2026-03-12,Frank,Tool C,1,394.36,394.36,cancelled
ORD-00766,2026-02-20,Henry,Widget A,12,180.22,2162.64,confirmed
ORD-00924,2026-04-01,Rachel,Device D,20,26.22,524.4,
ORD-00436,2026-02-03,Sam,Gadget B,18,73.88,1329.84,pending
ORD-00697,2026-01-10,Eve,Widget A,5,144.37,721.85,confirmed
ORD-00019,2026-01-16,Liam,Component E,20,310.28,6205.6,shipped
ORD-00574,2026-01-04,Charlie,Part H,20,29.45,589.0,confirmed
ORD-00110,2026-01-01,Karen,Gadget B,3,440.06,1320.18,delivered
ORD-00930,2026-03-19,,Unit G,18,91.52,1647.36,pending
ORD-00750,2026-02-20,Bob,Device D,14,152.29,2132.06,shipped
ORD-00121,2026-02-02,Henry,Gadget B,4,72.84,291.36,cancelled
ORD-00404,2026-03-22,Bob,Part H,18,50.82,914.76,delivered
ORD-00032,2026-01-01,Noah,Gadget B,11,254.54,2799.94,delivered
ORD-00261,2026-03-10,Quinn,Tool C,20,373.15,7463.0,confirmed
ORD-00096,2026-02-05,Noah,Component E,19,176.24,3348.56,shipped
ORD-00243,2026-01-02,Diana,Device D,20,67.05,1341.0,shipped
ORD-00179,2026-03-10,Diana,Gadget B,4,220.73,882.92,pending
ORD-00423,2026-03-01,Tina,Device D,20,483.94,9678.8,confirmed
ORD-00253,2026-03-12,Sam,Unit G,17,145.37,2471.29,confirmed
ORD-00224,2026-01-20,Henry,Widget A,14,443.72,6212.08,pending
ORD-00546,2026-02-18,Noah,Unit G,11,369.55,4065.05,confirmed
ORD-00106,2026-03-03,Noah,Gadget B,2,228.98,457.96,shipped
ORD-00490,2026-03-06,Tina,Unit G,2,90.69,181.38,shipped
ORD-00038,2026-02-17,Bob,Module F,17,282.79,4807.43,pending
ORD-00322,2026-01-21,Frank,Device D,5,268.16,1340.8,pending
ORD-00668,2026-02-27,Tina,Device D,1,313.94,313.94,confirmed
ORD-00852,2026-01-10,Olivia,Component E,8,183.56,1468.48,confirmed
ORD-00620,2026-01-17,Sam,Device D,9,453.83,4084.47,confirmed
ORD-00588,2026-01-30,Karen,Device D,9,39.37,354.33,pending
ORD-00791,2026-03-15,Frank,Unit G,3,260.79,782.37,confirmed
ORD-00858,2026-03-13,Ivy,Tool C,16,57.95,927.2,confirmed
ORD-00492,2026-01-19,Karen,Module F,15,486.72,7300.8,cancelled
ORD-00854,2026-03-26,Patrick,Widget A,7,126.46,885.22,confirmed
ORD-00781,2026-02-12,Olivia,Widget A,1,368.36,368.36,delivered
ORD-00008,2026-03-05,Eve,Widget A,2,261.96,523.92,delivered
ORD-00164,2026-02-14,Bob,Unit G,17,176.75,3004.75,shipped
ORD-00376,2026-03-14,Tina,Part H,1,335.38,335.38,pending
ORD-00145,2026-03-31,Noah,Unit G,6,181.36,1088.16,cancelled
ORD-00644,2026-01-21,Henry,Component E,2,382.67,765.34,confirmed
ORD-00025,2026-02-10,Liam,Gadget B,10,274.76,2747.6,shipped
ORD-00484,2026-02-14,Liam,Tool C,20,217.77,4355.4,cancelled
ORD-00747,2026-02-09,Bob,Module F,6,457.7,2746.2,pending
ORD-00785,2026-02-07,Patrick,Component E,11,374.36,4117.96,shipped
ORD-00075,2026-02-06,Alice,Component E,2,74.46,148.92,cancelled
ORD-00384,2026-03-18,Karen,Module F,1,134.83,134.83,pending
ORD-00198,2026-02-16,Tina,Device D,19,88.15,1674.85,pending
ORD-00732,2026-01-08,Bob,Gadget B,18,379.49,6830.82,delivered
ORD-00856,2026-03-08,Henry,Unit G,1,130.35,130.35,confirmed
ORD-00482,2026-03-15,Karen,Unit G,16,239.48,3831.68,cancelled
ORD-00733,2026-03-22,Sam,Part H,17,338.42,5753.14,shipped
ORD-00259,2026-02-05,Sam,Component E,17,98.75,1678.75,pending
ORD-00446,2026-02-15,Patrick,Part H,11,306.16,3367.76,shipped
ORD-00381,2026-02-23,Karen,Device D,20,380.62,7612.4,confirmed
ORD-00129,2026-03-26,Eve,Component E,10,406.55,4065.5,cancelled
ORD-00650,2026-03-26,Rachel,Part H,10,41.76,417.6,pending
ORD-00919,2026-01-07,Henry,Module F,11,472.0,5192.0,pending
ORD-00159,2026-02-24,Karen,Module F,15,162.6,2439.0,delivered
ORD-00352,2026-02-03,Grace,Module F,14,462.79,6479.06,pending
ORD-00512,2026-03-27,Noah,Module F,1,495.78,495.78,delivered
ORD-00742,2026-01-13,Sam,Module F,2,169.3,338.6,shipped
ORD-00144,2026-02-14,Sam,Module F,1,405.46,405.46,cancelled
ORD-00707,2026-03-07,Jack,Gadget B,12,25.68,308.16,delivered
ORD-00214,2026-01-03,Diana,Widget A,1,463.72,463.72,confirmed
ORD-00122,2026-01-02,Charlie,Widget A,5,433.75,2168.75,cancelled
ORD-00422,2026-03-23,Eve,Module F,13,186.22,2420.86,cancelled
ORD-00518,2026-02-27,Mia,Gadget B,1,138.63,138.63,shipped
ORD-00232,2026-02-24,Noah,Part H,14,192.05,2688.7,cancelled
ORD-00664,2026-01-14,Eve,Unit G,18,389.28,7007.04,delivered
ORD-00440,2026-02-09,Liam,Module F,16,479.24,7667.84,confirmed
ORD-00359,2026-02-05,Liam,Gadget B,19,361.93,6876.67,pending
ORD-00454,2026-02-11,Henry,Gadget B,9,94.05,846.45,delivered
ORD-00815,2026-03-04,Liam,Component E,12,336.04,4032.48,cancelled
ORD-00217,2026-01-04,Frank,Tool C,11,190.71,2097.81,confirmed
ORD-00867,2026-03-19,Charlie,Module F,10,315.03,3150.3,cancelled
ORD-00300,2026-01-23,Quinn,Module F,5,437.99,2189.95,cancelled
ORD-00873,2026-02-24,Ivy,Widget A,8,341.2,2729.6,delivered
ORD-00777,2026-03-10,Eve,Widget A,2,132.59,265.18,cancelled
ORD-00377,2026-03-29,Mia,Unit G,6,86.78,520.68,cancelled
ORD-00514,2026-02-13,Grace,Device D,9,107.5,967.5,shipped
ORD-00861,2026-02-14,Liam,Widget A,2,127.2,254.4,pending
ORD-00792,2026-03-12,Karen,Component E,14,429.38,6011.32,confirmed
ORD-00453,2026-03-29,Rachel,Device D,12,134.35,1612.2,pending
ORD-00889,2026-01-03,Henry,Device D,8,181.98,1455.84,cancelled
ORD-00296,2026-02-26,Henry,Widget A,3,356.74,1070.22,shipped
ORD-00254,2026-01-15,Henry,Module F,2,256.91,513.82,confirmed
ORD-00195,2026-03-26,Bob,Widget A,15,72.9,1093.5,shipped
ORD-00378,2026-03-27,Diana,Unit G,8,341.03,2728.24,delivered
ORD-00602,2026-02-25,Mia,Unit G,8,109.84,878.72,cancelled
ORD-00393,2026-02-22,Tina,Module F,1,126.7,126.7,shipped
ORD-00486,2026-02-19,Karen,Gadget B,20,61.98,1239.6,confirmed
ORD-00321,2026-03-03,Frank,Part H,18,474.71,8544.78,confirmed
ORD-00250,2026-01-29,Grace,Gadget B,7,45.82,320.74,delivered
ORD-00857,2026-01-15,Noah,Part H,6,125.74,754.44,cancelled
ORD-00648,2026-03-08,Noah,Module F,11,251.05,2761.55,pending
ORD-00358,2026-02-07,Patrick,Tool C,19,289.88,5507.72,cancelled
ORD-00634,2026-03-11,Rachel,Unit G,2,443.56,887.12,confirmed
ORD-00724,2026-03-26,Henry,Part H,12,448.58,5382.96,shipped
ORD-00521,2026-03-18,Diana,Unit G,17,130.11,2211.87,shipped
ORD-00657,2026-02-17,Liam,Device D,13,494.36,6426.68,shipped
ORD-00302,2026-03-07,Olivia,Part H,10,333.46,3334.6,shipped
ORD-00833,2026-01-22,Bob,Gadget B,6,62.62,375.72,shipped
ORD-00862,2026-03-02,Patrick,Device D,16,121.38,1942.08,shipped
ORD-00594,2026-01-06,Charlie,Gadget B,1,24.33,24.33,pending
ORD-00233,2026-02-12,Mia,Component E,2,368.47,736.94,confirmed
ORD-00738,2026-03-28,Patrick,Module F,19,26.56,504.64,confirmed
ORD-00839,2026-01-27,Liam,Gadget B,2,332.58,665.16,pending
ORD-00087,2026-04-01,Alice,Gadget B,18,337.45,6074.1,delivered
ORD-00508,2026-02-21,Henry,Tool C,12,275.88,3310.56,delivered
ORD-00870,2026-03-18,Karen,Part H,19,353.22,6711.18,pending
ORD-00398,2026-03-30,Olivia,Part H,10,296.94,2969.4,shipped
ORD-00067,2026-01-14,Rachel,Tool C,10,202.32,2023.2,pending
ORD-00679,2026-01-01,Diana,Gadget B,19,427.66,8125.54,cancelled
ORD-00475,2026-03-11,Noah,Module F,5,384.8,1924.0,pending
ORD-00725,2026-03-21,Mia,Module F,10,165.52,1655.2,confirmed
ORD-00035,2026-01-09,Noah,Gadget B,10,409.08,4090.8,cancelled
ORD-00563,2026-02-28,Henry,Module F,12,456.06,5472.72,confirmed
ORD-00186,2026-03-11,Grace,Device D,15,59.99,899.85,cancelled
ORD-00118,2026-01-02,Frank,Unit G,17,180.32,3065.44,confirmed
ORD-00163,2026-01-09,Liam,Device D,14,332.09,4649.26,pending
ORD-00060,2026-01-05,Quinn,Widget A,7,474.7,3322.9,pending
ORD-00216,2026-02-28,Bob,Tool C,5,338.43,1692.15,delivered
ORD-00775,2026-03-27,Charlie,Tool C,3,217.8,653.4,cancelled
ORD-00368,2026-01-31,Grace,Part H,13,279.88,3638.44,confirmed
ORD-00689,2026-01-09,Charlie,Tool C,4,281.55,1126.2,shipped
ORD-00705,2026-01-15,Mia,Module F,6,483.89,2903.34,delivered
ORD-00649,2026-01-24,Bob,Tool C,9,455.71,4101.39,confirmed
ORD-00589,2026-01-24,Eve,Device D,19,25.77,489.63,pending
ORD-00850,2026-01-23,Patrick,Tool C,18,69.8,1256.4,shipped
ORD-00085,2026-02-09,Tina,Module F,16,164.76,2636.16,delivered
ORD-00112,2026-03-28,Mia,Tool C,1,321.68,321.68,confirmed
ORD-00498,2026-01-16,Bob,Module F,4,17.6,70.4,delivered
ORD-00710,2026-01-22,Charlie,Widget A,8,34.97,279.76,delivered
ORD-00197,2026-01-01,Diana,Device D,4,76.71,306.84,shipped
ORD-00294,2026-03-31,Olivia,Gadget B,12,468.96,5627.52,pending
ORD-00166,2026-02-04,Ivy,Part H,1,243.3,243.3,pending
ORD-00346,2026-01-25,Rachel,Unit G,12,380.32,4563.84,shipped
ORD-00401,2026-01-22,Quinn,Component E,12,422.83,5073.96,shipped
ORD-00115,2026-03-07,Jack,Unit G,9,317.55,2857.95,delivered
ORD-00028,2026-02-18,Patrick,Tool C,6,236.76,1420.56,delivered
ORD-00591,2026-01-06,Bob,Unit G,9,49.52,445.68,shipped
ORD-00431,2026-02-23,Mia,Unit G,19,393.61,7478.59,delivered
ORD-00887,2026-01-05,Charlie,Tool C,7,292.18,2045.26,cancelled
ORD-00240,2026-03-09,Mia,Tool C,12,363.72,4364.64,shipped
ORD-00840,2026-02-25,Diana,Gadget B,3,437.48,1312.44,cancelled
ORD-00292,2026-01-27,Patrick,Part H,8,240.35,1922.8,cancelled
ORD-00904,2026-01-15,Charlie,Component E,18,272.36,4902.48,shipped
ORD-00281,2026-02-28,Olivia,Component E,7,430.83,3015.81,delivered
ORD-00257,2026-02-21,Quinn,Component E,6,41.69,250.14,delivered
ORD-00420,2026-01-07,Diana,Module F,1,471.59,471.59,pending
ORD-00269,2026-01-10,Grace,Component E,17,359.58,6112.86,shipped
ORD-00671,2026-02-03,Frank,Unit G,14,430.14,6021.96,delivered
ORD-00206,2026-01-27,Ivy,Device D,4,51.99,207.96,shipped
ORD-00039,2026-03-05,Liam,Tool C,16,318.05,5088.8,delivered
ORD-00772,2026-03-07,Noah,Part H,13,60.18,782.34,pending
ORD-00677,2026-03-09,Alice,Widget A,13,413.71,5378.23,cancelled
ORD-00585,2026-02-09,Tina,Widget A,18,380.82,6854.76,shipped
ORD-00396,2026-01-19,Tina,Tool C,20,159.73,3194.6,confirmed
ORD-00078,2026-04-01,Quinn,Module F,14,448.12,6273.68,delivered
ORD-00228,2026-02-12,Sam,Part H,10,253.01,2530.1,pending
ORD-00773,2026-03-16,Frank,Module F,13,166.62,2166.06,confirmed
ORD-00908,2026-03-29,,Module F,1,69.5,69.5,delivered
ORD-00460,2026-03-04,Karen,Gadget B,6,288.11,1728.66,delivered
ORD-00751,2026-02-18,Patrick,Unit G,17,420.53,7149.01,pending
ORD-00215,2026-03-30,Grace,Unit G,14,430.13,6021.82,pending
ORD-00467,2026-03-24,Frank,Widget A,1,369.13,369.13,pending
ORD-00033,2026-01-28,Karen,Tool C,14,338.13,4733.82,confirmed
ORD-00487,2026-02-13,Bob,Component E,18,23.48,422.64,shipped
ORD-00621,2026-02-17,Tina,Device D,7,222.7,1558.9,cancelled
ORD-00501,2026-01-28,Tina,Module F,15,186.83,2802.45,pending
ORD-00403,2026-01-15,Mia,Widget A,4,480.19,1920.76,delivered
ORD-00439,2026-01-19,Charlie,Component E,4,482.41,1929.64,pending
ORD-00817,2026-03-06,Diana,Module F,8,372.69,2981.52,delivered
ORD-00345,2026-03-12,Sam,Gadget B,17,85.83,1459.11,cancelled
ORD-00138,2026-02-09,Jack,Widget A,18,155.88,2805.84,cancelled
ORD-00187,2026-03-08,Mia,Widget A,1,479.98,479.98,delivered
ORD-00639,2026-03-04,Alice,Gadget B,13,31.69,411.97,confirmed
ORD-00917,2026-01-25,Liam,Gadget B,11,210.13,2311.43,
ORD-00708,2026-01-07,Alice,Part H,7,40.64,284.48,delivered
ORD-00466,2026-03-31,Liam,Module F,20,319.57,6391.4,delivered
ORD-00918,2026-01-21,Eve,Device D,2,417.52,835.04,pending
ORD-00550,2026-02-05,Alice,Component E,11,407.56,4483.16,confirmed
ORD-00003,2026-03-28,Alice,Gadget B,14,453.49,6348.86,confirmed
ORD-00695,2026-01-29,Sam,Widget A,11,94.96,1044.56,confirmed
ORD-00899,2026-03-01,Eve,Device D,18,462.42,8323.56,pending
ORD-00662,2026-02-22,Diana,Unit G,19,403.85,7673.15,shipped
ORD-00758,2026-03-04,Quinn,Gadget B,5,43.03,215.15,pending
ORD-00406,2026-02-18,Charlie,Gadget B,14,346.75,4854.5,pending
ORD-00119,2026-03-26,Mia,Unit G,16,62.64,1002.24,pending
ORD-00559,2026-02-04,Grace,Gadget B,6,263.8,1582.8,delivered
ORD-00310,2026-01-01,Quinn,Component E,19,282.03,5358.57,pending
ORD-00441,2026-02-14,Ivy,Module F,18,215.43,3877.74,cancelled
ORD-00746,2026-02-16,Patrick,Gadget B,12,425.79,5109.48,shipped
ORD-00407,2026-01-28,Charlie,Component E,6,233.17,1399.02,pending
ORD-00461,2026-03-21,Mia,Tool C,18,325.63,5861.34,pending
ORD-00706,2026-02-18,Ivy,Tool C,16,408.14,6530.24,confirmed
ORD-00855,2026-03-28,Quinn,Module F,7,359.68,2517.76,shipped
ORD-00057,2026-03-23,Diana,Module F,17,409.54,6962.18,confirmed
ORD-00275,2026-03-28,Ivy,Gadget B,17,378.38,6432.46,pending
ORD-00612,2026-03-03,Henry,Widget A,4,72.6,290.4,pending
ORD-00767,2026-02-13,Tina,Component E,9,308.1,2772.9,shipped
ORD-00554,2026-03-12,Karen,Unit G,12,317.49,3809.88,pending
ORD-00760,2026-01-11,Rachel,Component E,5,474.18,2370.9,delivered
ORD-00136,2026-03-09,Rachel,Unit G,20,138.18,2763.6,cancelled
ORD-00331,2026-01-07,Quinn,Module F,16,438.38,7014.08,delivered
ORD-00427,2026-03-12,Henry,Module F,20,79.51,1590.2,confirmed
ORD-00556,2026-04-01,Quinn,Device D,9,432.46,3892.14,shipped
ORD-00878,2026-02-14,Frank,Unit G,7,241.23,1688.61,confirmed
ORD-00002,2026-02-16,Jack,Device D,4,195.5,782.0,confirmed
ORD-00868,2026-02-04,Henry,Gadget B,17,383.97,6527.49,delivered
ORD-00675,2026-02-03,Frank,Part H,4,72.74,290.96,confirmed
ORD-00629,2026-03-20,Charlie,Gadget B,16,40.04,640.64,delivered
ORD-00235,2026-03-29,Ivy,Device D,1,240.86,240.86,confirmed
ORD-00516,2026-02-27,Ivy,Component E,12,18.84,226.08,pending
ORD-00303,2026-01-21,Rachel,Tool C,5,186.81,934.05,confirmed
ORD-00117,2026-01-21,Quinn,Module F,13,499.34,6491.42,pending
ORD-00139,2026-03-16,Karen,Part H,7,499.31,3495.17,shipped
ORD-00190,2026-03-16,Noah,Unit G,2,34.13,68.26,confirmed
ORD-00455,2026-01-10,Alice,Unit G,10,99.24,992.4,pending
ORD-00577,2026-01-28,Sam,Tool C,17,139.86,2377.62,confirmed
ORD-00819,2026-03-08,Patrick,Gadget B,5,452.5,2262.5,cancelled
ORD-00829,2026-02-12,Karen,Gadget B,13,257.89,3352.57,confirmed
ORD-00774,2026-03-11,Mia,Module F,13,429.77,5587.01,confirmed
ORD-00238,2026-02-02,Eve,Device D,12,470.21,5642.52,pending
ORD-00748,2026-02-15,Bob,Device D,2,55.67,111.34,cancelled
ORD-00350,2026-01-19,Patrick,Tool C,1,181.29,181.29,pending
ORD-00024,2026-03-11,Diana,Widget A,17,212.69,3615.73,pending
ORD-00417,2026-03-09,Tina,Widget A,5,82.4,412.0,pending
ORD-00831,2026-01-05,Diana,Tool C,8,331.93,2655.44,delivered
ORD-00837,2026-01-26,Karen,Part H,13,371.95,4835.35,delivered
ORD-00877,2026-02-25,Jack,Module F,11,371.26,4083.86,shipped
ORD-00074,2026-02-12,Henry,Part H,3,300.98,902.94,pending
ORD-00053,2026-01-30,Sam,Module F,6,49.49,296.94,confirmed
ORD-00811,2026-02-02,Ivy,Device D,15,15.14,227.1,confirmed
ORD-00371,2026-03-07,Karen,Component E,20,442.25,8845.0,delivered
ORD-00370,2026-02-14,Liam,Component E,6,341.04,2046.24,delivered
ORD-00622,2026-01-22,Frank,Tool C,15,165.5,2482.5,cancelled
ORD-00402,2026-01-28,Frank,Tool C,9,297.9,2681.1,cancelled
ORD-00489,2026-01-17,Olivia,Component E,17,35.93,610.81,shipped
ORD-00714,2026-01-19,Sam,Widget A,5,388.59,1942.95,cancelled
ORD-00375,2026-01-02,Jack,Module F,2,142.23,284.46,pending
ORD-00570,2026-02-07,Charlie,Component E,7,299.91,2099.37,delivered
ORD-00432,2026-01-05,Henry,Tool C,12,209.72,2516.64,cancelled
ORD-00047,2026-02-03,Noah,Gadget B,3,29.64,88.92,shipped
ORD-00683,2026-03-28,Karen,Module F,6,31.9,191.4,confirmed
ORD-00339,2026-03-05,Mia,Gadget B,2,179.67,359.34,pending
ORD-00076,2026-01-14,Bob,Part H,20,432.13,8642.6,delivered
ORD-00897,2026-03-03,Mia,Widget A,12,24.64,295.68,delivered
ORD-00694,2026-03-30,Grace,Component E,14,483.13,6763.82,shipped
ORD-00616,2026-03-02,Karen,Module F,7,190.16,1331.12,delivered
ORD-00502,2026-01-27,Olivia,Unit G,12,484.41,5812.92,pending
ORD-00153,2026-01-09,Olivia,Component E,16,470.04,7520.64,cancelled
ORD-00879,2026-03-05,Karen,Device D,8,344.32,2754.56,delivered
ORD-00450,2026-03-26,Jack,Gadget B,14,419.62,5874.68,pending
ORD-00605,2026-02-04,Sam,Part H,2,71.04,142.08,cancelled
ORD-00045,2026-02-06,Jack,Component E,10,134.78,1347.8,cancelled
ORD-00389,2026-03-20,Liam,Part H,16,61.32,981.12,shipped
ORD-00092,2026-03-13,Tina,Tool C,8,391.07,3128.56,delivered
ORD-00034,2026-03-07,Alice,Module F,1,135.35,135.35,pending
ORD-00309,2026-01-05,Bob,Tool C,10,333.41,3334.1,shipped
ORD-00014,2026-01-04,Alice,Tool C,1,130.67,130.67,delivered
ORD-00558,2026-03-19,Tina,Device D,13,273.5,3555.5,cancelled
ORD-00545,2026-02-19,Charlie,Device D,13,463.38,6023.94,delivered
ORD-00046,2026-02-07,Ivy,Tool C,19,241.05,4579.95,confirmed
ORD-00277,2026-01-02,Eve,Unit G,5,371.62,1858.1,pending
ORD-00237,2026-01-21,Noah,Unit G,16,181.15,2898.4,delivered
ORD-00911,2026-03-22,Karen,Module F,1,391.46,391.46,cancelled
ORD-00301,2026-03-08,Tina,Unit G,15,77.43,1161.45,delivered
ORD-00205,2026-02-17,Grace,Module F,13,166.76,2167.88,pending
ORD-00462,2026-02-17,Eve,Module F,2,155.25,310.5,pending
ORD-00830,2026-03-06,Diana,Widget A,6,375.0,2250.0,confirmed
ORD-00354,2026-01-13,Frank,Widget A,6,329.14,1974.84,pending
ORD-00268,2026-02-12,Diana,Module F,11,453.02,4983.22,cancelled
ORD-00326,2026-02-26,Bob,Component E,2,42.49,84.98,shipped
ORD-00383,2026-01-27,Charlie,Gadget B,16,97.1,1553.6,confirmed
ORD-00686,2026-01-28,Frank,Component E,15,498.46,7476.9,confirmed
ORD-00665,2026-01-20,Karen,Module F,17,246.71,4194.07,confirmed
ORD-00305,2026-02-17,Patrick,Part H,6,274.42,1646.52,confirmed
ORD-00293,2026-03-06,Charlie,Tool C,15,412.76,6191.4,delivered
ORD-00465,2026-01-08,Eve,Component E,12,222.53,2670.36,delivered
ORD-00183,2026-01-28,Liam,Tool C,20,346.96,6939.2,shipped
ORD-00678,2026-03-09,Tina,Unit G,5,274.51,1372.55,delivered
ORD-00188,2026-03-02,Bob,Unit G,20,494.26,9885.2,pending
ORD-00207,2026-02-15,Grace,Tool C,3,415.37,1246.11,pending
ORD-00356,2026-01-10,Patrick,Gadget B,18,432.31,7781.58,shipped
ORD-00272,2026-03-27,Liam,Part H,17,432.09,7345.53,delivered
ORD-00199,2026-02-03,Ivy,Component E,12,18.13,217.56,shipped
ORD-00915,2026-01-10,Grace,Module F,20,475.2,9504.0,
ORD-00756,2026-01-07,Grace,Widget A,11,185.85,2044.35,pending
ORD-00844,2026-01-22,Alice,Part H,6,434.19,2605.14,shipped
ORD-00099,2026-03-02,Liam,Component E,15,176.31,2644.65,cancelled
ORD-00835,2026-02-19,Olivia,Device D,5,144.51,722.55,cancelled
ORD-00619,2026-02-04,Alice,Component E,7,357.45,2502.15,cancelled
ORD-00444,2026-01-06,Frank,Module F,4,21.65,86.6,cancelled
ORD-00399,2026-03-28,Patrick,Component E,13,238.58,3101.54,cancelled
ORD-00457,2026-02-03,Noah,Tool C,16,247.16,3954.56,cancelled
ORD-00372,2026-02-05,Olivia,Unit G,10,117.01,1170.1,confirmed
ORD-00249,2026-02-06,Quinn,Unit G,17,427.16,7261.72,confirmed
ORD-00020,2026-01-12,Charlie,Widget A,19,484.8,9211.2,confirmed
ORD-00379,2026-02-19,Bob,Gadget B,17,445.54,7574.18,confirmed
ORD-00094,2026-01-15,Tina,Module F,16,387.46,6199.36,confirmed
ORD-00155,2026-04-01,Noah,Device D,20,274.93,5498.6,delivered
ORD-00723,2026-03-22,Liam,Part H,4,71.26,285.04,cancelled
ORD-00209,2026-01-02,Eve,Device D,3,79.18,237.54,delivered
ORD-00437,2026-01-11,Sam,Gadget B,7,170.41,1192.87,shipped
ORD-00749,2026-03-01,Charlie,Device D,14,461.06,6454.84,confirmed
ORD-00066,2026-01-09,Grace,Tool C,12,169.26,2031.12,delivered
ORD-00865,2026-03-14,Quinn,Gadget B,20,314.62,6292.4,shipped
ORD-00385,2026-01-21,Tina,Part H,20,227.11,4542.2,delivered
ORD-00696,2026-03-08,Henry,Device D,1,10.85,10.85,cancelled
ORD-00256,2026-03-22,Rachel,Widget A,1,404.46,404.46,pending
ORD-00266,2026-03-12,Frank,Module F,7,11.31,79.17,delivered
ORD-00221,2026-01-05,Bob,Part H,3,326.18,978.54,cancelled
ORD-00623,2026-03-03,Jack,Gadget B,6,46.87,281.22,cancelled
ORD-00168,2026-01-11,Jack,Module F,2,300.28,600.56,cancelled
ORD-00661,2026-01-12,Noah,Unit G,4,264.26,1057.04,delivered
ORD-00794,2026-02-21,Tina,Module F,11,272.8,3000.8,pending
ORD-00504,2026-01-29,Karen,Gadget B,17,267.12,4541.04,shipped
ORD-00213,2026-01-31,Ivy,Unit G,17,177.88,3023.96,pending
ORD-00147,2026-01-01,Eve,Gadget B,11,181.02,1991.22,cancelled
ORD-00274,2026-02-19,Quinn,Unit G,7,410.15,2871.05,confirmed
ORD-00801,2026-02-10,Karen,Component E,17,31.14,529.38,delivered
ORD-00223,2026-03-01,Noah,Part H,18,400.79,7214.22,delivered
ORD-00606,2026-01-28,Henry,Unit G,9,318.77,2868.93,shipped
ORD-00286,2026-01-12,Quinn,Unit G,6,127.7,766.2,pending
ORD-00703,2026-03-17,Noah,Tool C,20,459.78,9195.6,pending
ORD-00116,2026-03-30,Olivia,Widget A,5,450.29,2251.45,cancelled
ORD-00864,2026-01-29,Tina,Unit G,18,251.23,4522.14,delivered
ORD-00495,2026-03-26,Jack,Component E,11,227.55,2503.05,cancelled
ORD-00812,2026-03-23,Karen,Part H,10,208.76,2087.6,delivered
ORD-00140,2026-02-27,Quinn,Tool C,3,401.26,1203.78,shipped
ORD-00783,2026-02-02,Karen,Widget A,12,212.83,2553.96,shipped
ORD-00146,2026-01-03,Bob,Gadget B,7,125.15,876.05,delivered
ORD-00227,2026-02-06,Frank,Gadget B,18,197.97,3563.46,confirmed
ORD-00361,2026-02-15,Henry,Tool C,5,326.44,1632.2,shipped
ORD-00105,2026-02-21,Alice,Module F,11,492.67,5419.37,cancelled
ORD-00597,2026-03-31,Diana,Unit G,6,263.14,1578.84,shipped
ORD-00505,2026-03-07,Grace,Widget A,16,177.25,2836.0,shipped
ORD-00052,2026-01-28,Frank,Unit G,17,175.53,2984.01,shipped
ORD-00702,2026-03-05,Grace,Unit G,2,305.06,610.12,confirmed
ORD-00688,2026-03-11,Patrick,Device D,18,220.15,3962.7,confirmed
ORD-00126,2026-01-06,Tina,Component E,19,418.44,7950.36,pending
ORD-00285,2026-01-02,Alice,Component E,15,94.78,1421.7,cancelled
ORD-00646,2026-03-12,Charlie,Device D,14,460.13,6441.82,shipped
ORD-00851,2026-02-06,Eve,Component E,2,165.88,331.76,delivered
ORD-00177,2026-03-21,Henry,Device D,9,298.03,2682.27,confirmed
ORD-00499,2026-01-23,Jack,Unit G,9,407.7,3669.3,confirmed
ORD-00914,2026-02-13,,Gadget B,4,312.1,1248.4,
ORD-00929,2026-01-20,Ivy,Widget A,2,31.25,62.5,confirmed
ORD-00903,2026-03-17,Bob,Widget A,16,299.7,4795.2,pending
ORD-00297,2026-02-25,Jack,Gadget B,16,492.71,7883.36,cancelled
ORD-00111,2026-02-10,Diana,Gadget B,3,390.16,1170.48,cancelled
ORD-00896,2026-01-18,Charlie,Tool C,15,62.5,937.5,delivered
ORD-00167,2026-01-24,Rachel,Part H,12,220.3,2643.6,confirmed
ORD-00764,2026-01-18,Alice,Component E,7,149.65,1047.55,cancelled
ORD-00592,2026-03-02,Tina,Widget A,13,257.43,3346.59,pending
ORD-00537,2026-01-14,Quinn,Gadget B,4,281.5,1126.0,delivered
ORD-00220,2026-02-04,Noah,Device D,6,143.1,858.6,shipped
ORD-00011,2026-03-08,Alice,Component E,17,94.63,1608.71,shipped
ORD-00561,2026-02-09,Patrick,Unit G,5,147.16,735.8,cancelled
ORD-00491,2026-02-25,Eve,Widget A,16,438.9,7022.4,delivered
ORD-00365,2026-02-21,Henry,Part H,17,134.65,2289.05,confirmed
ORD-00847,2026-01-21,Eve,Device D,6,72.75,436.5,pending
ORD-00663,2026-02-21,Henry,Unit G,11,308.53,3393.83,pending
ORD-00711,2026-01-17,Eve,Part H,17,180.92,3075.64,delivered
ORD-00397,2026-01-11,Liam,Part H,17,298.33,5071.61,delivered
ORD-00315,2026-01-01,Eve,Part H,9,303.76,2733.84,shipped
ORD-00859,2026-02-09,Grace,Module F,13,285.55,3712.15,cancelled
ORD-00510,2026-03-08,Henry,Module F,1,319.93,319.93,pending
ORD-00196,2026-03-07,Eve,Widget A,4,399.88,1599.52,delivered
ORD-00131,2026-01-20,Eve,Gadget B,10,156.91,1569.1,delivered
ORD-00287,2026-03-12,Liam,Device D,14,13.32,186.48,confirmed
ORD-00049,2026-03-13,Tina,Widget A,16,490.69,7851.04,pending
ORD-00088,2026-01-26,Karen,Unit G,15,331.68,4975.2,confirmed
ORD-00120,2026-02-06,Ivy,Component E,20,88.98,1779.6,confirmed
ORD-00660,2026-03-22,Ivy,Widget A,6,399.75,2398.5,delivered
ORD-00593,2026-03-13,Eve,Part H,14,230.33,3224.62,cancelled
ORD-00821,2026-02-17,Alice,Device D,6,338.54,2031.24,pending
ORD-00581,2026-01-04,Tina,Tool C,20,85.95,1719.0,cancelled
ORD-00515,2026-01-15,Diana,Component E,9,256.32,2306.88,delivered
ORD-00152,2026-01-18,Noah,Widget A,16,324.43,5190.88,delivered
ORD-00820,2026-02-05,Patrick,Unit G,20,61.61,1232.2,cancelled
ORD-00827,2026-02-21,Olivia,Module F,7,468.34,3278.38,confirmed
ORD-00360,2026-03-02,Sam,Module F,2,406.59,813.18,pending
ORD-00542,2026-03-23,Henry,Unit G,1,75.36,75.36,shipped
ORD-00083,2026-03-17,Karen,Module F,13,451.96,5875.48,confirmed
ORD-00900,2026-01-03,Liam,Tool C,15,125.21,1878.15,shipped
ORD-00364,2026-02-07,Rachel,Module F,16,236.29,3780.64,shipped
ORD-00548,2026-03-17,Karen,Component E,15,12.61,189.15,shipped
ORD-00212,2026-01-18,Frank,Component E,19,276.01,5244.19,confirmed
ORD-00530,2026-02-07,Tina,Part H,9,255.49,2299.41,pending
ORD-00788,2026-03-24,Eve,Part H,8,385.6,3084.8,delivered
ORD-00009,2026-02-13,Alice,Gadget B,12,55.7,668.4,confirmed
ORD-00043,2026-01-04,Mia,Unit G,3,292.4,877.2,pending
ORD-00059,2026-01-12,Olivia,Tool C,14,355.11,4971.54,delivered
ORD-00670,2026-03-14,Quinn,Part H,2,230.18,460.36,confirmed
ORD-00680,2026-02-10,Rachel,Component E,4,270.25,1081.0,shipped
ORD-00100,2026-03-28,Henry,Part H,12,350.68,4208.16,delivered
ORD-00242,2026-02-19,Bob,Gadget B,13,440.58,5727.54,cancelled
ORD-00507,2026-01-27,Noah,Unit G,11,226.6,2492.6,confirmed
ORD-00429,2026-03-21,Liam,Part H,13,325.42,4230.46,confirmed
ORD-00174,2026-01-03,Noah,Device D,4,494.89,1979.56,shipped
ORD-00421,2026-01-18,Ivy,Part H,17,225.01,3825.17,confirmed
ORD-00598,2026-03-11,Patrick,Widget A,5,446.24,2231.2,pending
ORD-00673,2026-01-25,Tina,Widget A,16,98.6,1577.6,shipped
ORD-00642,2026-03-01,Charlie,Tool C,14,181.33,2538.62,delivered
ORD-00030,2026-03-03,Tina,Unit G,12,465.58,5586.96,shipped
ORD-00860,2026-03-08,Jack,Component E,6,216.54,1299.24,delivered
ORD-00271,2026-01-19,Mia,Widget A,1,34.78,34.78,delivered
ORD-00191,2026-02-06,Alice,Component E,19,446.83,8489.77,confirmed
ORD-00165,2026-01-11,Noah,Tool C,9,447.2,4024.8,shipped
ORD-00613,2026-04-01,Henry,Tool C,8,177.95,1423.6,confirmed
ORD-00876,2026-03-31,Frank,Tool C,2,75.93,151.86,cancelled
ORD-00863,2026-01-02,Jack,Tool C,15,79.83,1197.45,confirmed
ORD-00645,2026-01-15,Mia,Module F,20,258.31,5166.2,shipped
ORD-00849,2026-02-10,Sam,Component E,11,313.16,3444.76,confirmed
ORD-00806,2026-03-01,Henry,Module F,17,13.95,237.15,confirmed
ORD-00022,2026-01-02,Frank,Tool C,12,438.46,5261.52,pending
ORD-00841,2026-01-31,Diana,Gadget B,14,341.16,4776.24,cancelled
ORD-00564,2026-02-09,Bob,Part H,8,273.86,2190.88,delivered
ORD-00808,2026-01-14,Frank,Widget A,18,477.31,8591.58,pending
ORD-00906,2026-01-08,Grace,Part H,7,362.63,2538.41,
ORD-00026,2026-03-22,Karen,Unit G,5,160.05,800.25,pending
ORD-00522,2026-01-27,Alice,Widget A,20,51.14,1022.8,pending
ORD-00334,2026-01-23,Eve,Device D,16,131.81,2108.96,pending
ORD-00765,2026-01-29,Sam,Unit G,17,320.56,5449.52,pending
ORD-00027,2026-02-25,Ivy,Unit G,20,370.77,7415.4,shipped
ORD-00822,2026-03-22,Charlie,Part H,12,20.38,244.56,delivered
ORD-00276,2026-01-20,Mia,Component E,3,15.18,45.54,confirmed
ORD-00572,2026-02-01,Olivia,Module F,14,393.25,5505.5,cancelled
ORD-00036,2026-03-10,Jack,Tool C,6,87.01,522.06,pending
ORD-00843,2026-01-24,Liam,Tool C,4,212.66,850.64,pending
ORD-00344,2026-02-03,Grace,Gadget B,7,465.36,3257.52,delivered
ORD-00601,2026-01-11,Bob,Gadget B,19,77.18,1466.42,confirmed
ORD-00761,2026-01-15,Diana,Device D,19,318.21,6045.99,confirmed
ORD-00017,2026-02-01,Bob,Widget A,13,185.7,2414.1,confirmed
ORD-00824,2026-01-17,Patrick,Component E,2,314.33,628.66,cancelled
ORD-00366,2026-01-17,Olivia,Tool C,7,475.97,3331.79,pending
ORD-00700,2026-02-25,Olivia,Unit G,18,446.31,8033.58,shipped
ORD-00666,2026-03-27,Henry,Widget A,18,212.74,3829.32,cancelled
ORD-00239,2026-01-26,Patrick,Module F,12,359.94,4319.28,delivered
ORD-00044,2026-01-15,Karen,Gadget B,16,352.14,5634.24,shipped
ORD-00520,2026-01-16,Mia,Widget A,13,26.81,348.53,confirmed
ORD-00415,2026-02-10,Mia,Part H,15,402.08,6031.2,pending
ORD-00890,2026-03-07,Noah,Gadget B,3,144.33,432.99,shipped
ORD-00784,2026-01-15,Liam,Gadget B,12,310.49,3725.88,pending
ORD-00735,2026-02-05,Rachel,Component E,18,235.81,4244.58,cancelled
ORD-00529,2026-02-21,Tina,Part H,20,372.74,7454.8,shipped
ORD-00154,2026-02-22,Tina,Device D,19,213.01,4047.19,pending
ORD-00113,2026-01-22,Karen,Device D,11,62.02,682.22,cancelled
ORD-00225,2026-01-02,Frank,Component E,5,301.57,1507.85,shipped
ORD-00739,2026-03-24,Bob,Tool C,11,128.24,1410.64,confirmed
ORD-00617,2026-03-29,Quinn,Unit G,6,224.9,1349.4,shipped
ORD-00807,2026-03-26,Rachel,Component E,6,42.02,252.12,cancelled
ORD-00258,2026-02-18,Frank,Gadget B,3,276.22,828.66,pending
ORD-00412,2026-02-07,Noah,Gadget B,14,366.35,5128.9,cancelled
ORD-00909,2026-02-27,Grace,Device D,10,270.74,2707.4,pending
ORD-00306,2026-02-18,Diana,Widget A,20,151.44,3028.8,cancelled
ORD-00449,2026-02-24,Henry,Tool C,11,90.7,997.7,shipped
ORD-00754,2026-01-03,Noah,Gadget B,17,287.51,4887.67,pending
ORD-00245,2026-03-28,Eve,Module F,19,366.95,6972.05,cancelled
ORD-00386,2026-03-31,Eve,Widget A,1,232.41,232.41,pending
ORD-00633,2026-03-25,Bob,Device D,6,289.03,1734.18,shipped
ORD-00768,2026-03-10,Jack,Part H,9,137.17,1234.53,pending
ORD-00611,2026-02-11,Tina,Part H,3,108.91,326.73,delivered
ORD-00430,2026-02-21,Patrick,Module F,9,244.72,2202.48,delivered
ORD-00743,2026-01-25,Sam,Module F,14,494.7,6925.8,delivered
ORD-00709,2026-02-04,Tina,Tool C,15,444.68,6670.2,delivered
ORD-00810,2026-01-21,Noah,Module F,1,40.25,40.25,shipped
ORD-00210,2026-03-28,Frank,Tool C,14,182.8,2559.2,cancelled
ORD-00041,2026-01-05,Quinn,Gadget B,1,428.78,428.78,cancelled
ORD-00333,2026-02-17,Rachel,Module F,15,415.3,6229.5,delivered
ORD-00040,2026-01-14,Alice,Module F,3,114.1,342.3,cancelled
ORD-00895,2026-02-21,Grace,Component E,8,475.44,3803.52,pending
ORD-00156,2026-03-09,Henry,Widget A,8,139.21,1113.68,shipped
ORD-00353,2026-03-04,Bob,Unit G,16,431.11,6897.76,shipped
ORD-00476,2026-01-29,Liam,Component E,11,456.76,5024.36,pending
ORD-00082,2026-01-26,Alice,Component E,7,213.98,1497.86,pending
ORD-00477,2026-02-28,Frank,Unit G,14,368.54,5159.56,cancelled
ORD-00536,2026-03-27,Quinn,Component E,17,256.33,4357.61,delivered
ORD-00755,2026-03-09,Liam,Tool C,14,439.37,6151.18,pending
ORD-00637,2026-01-28,Patrick,Widget A,10,121.86,1218.6,shipped
ORD-00410,2026-02-19,Tina,Gadget B,2,66.55,133.1,pending
ORD-00150,2026-01-29,Liam,Widget A,4,244.76,979.04,pending
ORD-00093,2026-03-25,Ivy,Component E,12,54.59,655.08,delivered
ORD-00910,2026-01-20,Diana,Unit G,11,305.65,3362.15,cancelled
ORD-00236,2026-03-26,Henry,Module F,15,39.91,598.65,shipped
ORD-00428,2026-01-31,Bob,Part H,8,205.04,1640.32,delivered
ORD-00013,2026-02-10,Ivy,Unit G,15,479.71,7195.65,pending
ORD-00098,2026-01-29,Mia,Component E,1,432.05,432.05,shipped
ORD-00721,2026-01-29,Quinn,Part H,9,462.32,4160.88,cancelled
ORD-00884,2026-03-22,Charlie,Widget A,5,237.15,1185.75,shipped
ORD-00762,2026-01-12,Eve,Widget A,16,491.33,7861.28,delivered
ORD-00888,2026-01-31,Mia,Module F,5,109.17,545.85,confirmed
ORD-00880,2026-01-21,Frank,Tool C,8,248.9,1991.2,pending
ORD-00641,2026-02-19,Ivy,Part H,16,493.6,7897.6,shipped
ORD-00202,2026-02-21,Alice,Tool C,16,141.33,2261.28,shipped
ORD-00916,2026-02-26,,Widget A,2,234.61,469.22,cancelled
ORD-00308,2026-02-14,Charlie,Module F,9,153.73,1383.57,confirmed
ORD-00451,2026-03-15,Liam,Component E,17,170.17,2892.89,delivered
ORD-00704,2026-02-27,Bob,Part H,20,439.99,8799.8,shipped
ORD-00586,2026-01-02,Sam,Part H,13,450.05,5850.65,delivered
ORD-00178,2026-01-06,Jack,Tool C,11,206.16,2267.76,confirmed
ORD-00267,2026-01-17,Alice,Module F,8,367.64,2941.12,shipped
ORD-00200,2026-03-29,Quinn,Unit G,4,258.78,1035.12,delivered
ORD-00130,2026-02-03,Grace,Module F,12,492.28,5907.36,shipped
ORD-00782,2026-03-27,Eve,Device D,6,474.06,2844.36,cancelled
ORD-00655,2026-02-07,Olivia,Unit G,11,414.55,4560.05,cancelled
ORD-00685,2026-01-02,Mia,Tool C,8,124.76,998.08,cancelled
ORD-00907,2026-03-26,Quinn,Part H,2,40.15,80.3,
ORD-00007,2026-01-21,Diana,Component E,3,245.64,736.92,confirmed
ORD-00458,2026-03-10,Rachel,Module F,5,475.24,2376.2,delivered
ORD-00097,2026-01-21,Diana,Widget A,13,246.8,3208.4,confirmed
ORD-00727,2026-02-27,Henry,Component E,13,216.75,2817.75,cancelled
ORD-00089,2026-03-13,Sam,Component E,6,384.38,2306.28,shipped
ORD-00424,2026-03-02,Patrick,Widget A,20,72.08,1441.6,pending
ORD-00433,2026-01-06,Henry,Gadget B,15,38.49,577.35,shipped
ORD-00524,2026-01-30,Patrick,Device D,5,127.84,639.2,cancelled
ORD-00072,2026-01-17,Eve,Widget A,5,241.93,1209.65,confirmed
ORD-00667,2026-02-13,Olivia,Module F,13,167.62,2179.06,confirmed
ORD-00744,2026-01-22,Henry,Component E,17,351.37,5973.29,cancelled
ORD-00809,2026-01-30,Patrick,Part H,3,78.01,234.03,shipped
ORD-00323,2026-02-12,Tina,Gadget B,6,139.2,835.2,pending
ORD-00063,2026-01-05,Karen,Gadget B,17,396.6,6742.2,delivered
ORD-00789,2026-02-14,Ivy,Module F,4,300.64,1202.56,shipped
ORD-00722,2026-02-09,Quinn,Component E,15,430.18,6452.7,cancelled
ORD-00691,2026-03-12,Eve,Component E,20,25.8,516.0,cancelled
ORD-00037,2026-03-30,Grace,Widget A,8,486.4,3891.2,shipped
ORD-00823,2026-03-25,Jack,Component E,11,407.81,4485.91,delivered
ORD-00630,2026-02-27,Mia,Component E,15,44.23,663.45,confirmed
ORD-00077,2026-03-16,Quinn,Component E,19,40.5,769.5,confirmed
ORD-00151,2026-01-18,Henry,Widget A,4,147.73,590.92,pending
ORD-00869,2026-03-27,Sam,Widget A,1,350.76,350.76,pending
ORD-00599,2026-01-11,Mia,Widget A,2,343.72,687.44,confirmed
ORD-00701,2026-01-18,Sam,Tool C,10,452.35,4523.5,shipped
ORD-00653,2026-01-14,Ivy,Component E,11,102.82,1131.02,shipped
ORD-00328,2026-02-03,Olivia,Tool C,3,135.67,407.01,shipped
ORD-00390,2026-02-20,Henry,Device D,9,128.83,1159.47,confirmed
ORD-00846,2026-03-21,Tina,Module F,18,126.59,2278.62,pending
ORD-00298,2026-02-01,Noah,Component E,1,124.1,124.1,delivered
ORD-00805,2026-02-02,Patrick,Widget A,17,462.55,7863.35,shipped
ORD-00541,2026-03-19,Alice,Part H,6,448.39,2690.34,pending
ORD-00745,2026-03-31,Frank,Component E,14,80.44,1126.16,confirmed
ORD-00834,2026-01-14,Eve,Component E,4,186.57,746.28,cancelled
ORD-00716,2026-01-11,Tina,Component E,10,37.27,372.7,cancelled
ORD-00051,2026-03-09,Diana,Tool C,1,35.21,35.21,shipped
ORD-00388,2026-02-07,Bob,Tool C,7,158.78,1111.46,shipped
ORD-00010,2026-03-19,Eve,Widget A,15,261.99,3929.85,delivered
ORD-00102,2026-01-31,Charlie,Gadget B,14,196.77,2754.78,confirmed
ORD-00752,2026-02-05,Jack,Widget A,18,211.16,3800.88,delivered
ORD-00124,2026-02-05,Grace,Device D,12,133.66,1603.92,shipped
ORD-00021,2026-03-09,Mia,Unit G,2,92.32,184.64,pending
ORD-00343,2026-03-27,Henry,Module F,13,41.19,535.47,confirmed
ORD-00414,2026-03-05,Karen,Gadget B,4,459.52,1838.08,shipped
ORD-00547,2026-01-25,Bob,Part H,15,159.55,2393.25,cancelled
ORD-00016,2026-03-11,Eve,Gadget B,3,71.2,213.6,delivered
ORD-00531,2026-01-03,Mia,Module F,5,35.99,179.95,delivered
ORD-00578,2026-03-08,Sam,Component E,14,78.24,1095.36,shipped
ORD-00523,2026-02-07,Noah,Widget A,20,461.88,9237.6,pending
ORD-00073,2026-01-03,Mia,Component E,14,275.62,3858.68,confirmed
ORD-00797,2026-03-26,Noah,Widget A,7,219.44,1536.08,pending
ORD-00348,2026-03-07,Mia,Gadget B,11,319.64,3516.04,cancelled
ORD-00699,2026-02-25,Alice,Gadget B,2,52.67,105.34,cancelled
ORD-00928,2026-02-04,Grace,Unit G,20,124.54,2490.8,shipped
ORD-00280,2026-02-17,Tina,Part H,2,70.23,140.46,delivered
ORD-00405,2026-01-31,Quinn,Part H,7,150.38,1052.66,confirmed
ORD-00562,2026-01-30,Henry,Unit G,15,472.1,7081.5,shipped
ORD-00330,2026-01-31,Frank,Component E,7,136.58,956.06,confirmed
ORD-00488,2026-02-25,Charlie,Component E,17,130.69,2221.73,confirmed
ORD-00527,2026-01-29,Mia,Component E,15,370.69,5560.35,pending
ORD-00172,2026-02-20,Rachel,Part H,18,100.85,1815.3,shipped
ORD-00382,2026-02-23,Rachel,Component E,16,273.15,4370.4,confirmed
ORD-00567,2026-01-18,Frank,Widget A,5,410.99,2054.95,delivered
ORD-00770,2026-03-19,Patrick,Tool C,16,113.66,1818.56,cancelled
ORD-00363,2026-03-18,Tina,Part H,3,72.3,216.9,confirmed
ORD-00551,2026-02-13,Mia,Tool C,14,456.17,6386.38,confirmed
ORD-00204,2026-02-16,Eve,Device D,17,44.44,755.48,delivered
ORD-00632,2026-02-04,Frank,Module F,8,423.38,3387.04,confirmed
ORD-00576,2026-03-10,Bob,Part H,14,465.12,6511.68,pending
ORD-00579,2026-03-31,Eve,Tool C,5,395.83,1979.15,pending
ORD-00573,2026-02-17,Bob,Device D,11,447.42,4921.62,pending
ORD-00442,2026-01-03,Noah,Device D,19,472.77,8982.63,delivered
ORD-00627,2026-02-03,Noah,Part H,18,441.01,7938.18,shipped
ORD-00926,2026-02-05,,Module F,5,124.88,624.4,
ORD-00497,2026-03-13,Eve,Component E,5,304.97,1524.85,pending
ORD-00357,2026-03-12,Diana,Widget A,17,50.52,858.84,shipped
ORD-00737,2026-03-27,Grace,Part H,5,214.7,1073.5,pending
ORD-00169,2026-03-28,Eve,Tool C,7,315.28,2206.96,delivered
ORD-00234,2026-02-22,Alice,Module F,5,128.47,642.35,confirmed
ORD-00569,2026-01-30,Bob,Module F,6,285.13,1710.78,confirmed
ORD-00335,2026-02-02,Tina,Tool C,9,382.73,3444.57,shipped
ORD-00374,2026-03-26,Sam,Gadget B,1,436.67,436.67,shipped
ORD-00071,2026-03-07,Quinn,Part H,14,191.83,2685.62,shipped
ORD-00624,2026-01-25,Diana,Widget A,11,49.18,540.98,pending
ORD-00157,2026-03-23,Ivy,Tool C,12,450.72,5408.64,pending
ORD-00231,2026-03-01,Karen,Device D,1,274.15,274.15,pending
ORD-00244,2026-02-02,Karen,Unit G,11,496.93,5466.23,confirmed
ORD-00284,2026-01-27,Karen,Part H,5,270.3,1351.5,confirmed
ORD-00555,2026-03-25,Alice,Widget A,12,417.89,5014.68,confirmed
ORD-00218,2026-02-21,Noah,Component E,13,399.71,5196.23,cancelled
ORD-00526,2026-03-08,Liam,Gadget B,18,280.82,5054.76,cancelled
ORD-00921,2026-03-14,,Device D,5,231.12,1155.6,pending
ORD-00325,2026-01-10,Tina,Part H,2,271.02,542.04,delivered
ORD-00902,2026-03-15,Mia,Device D,12,286.74,3440.88,confirmed
ORD-00753,2026-01-18,Grace,Tool C,10,175.76,1757.6,delivered
ORD-00226,2026-01-02,Charlie,Component E,1,34.71,34.71,shipped
ORD-00419,2026-01-26,Quinn,Module F,18,42.37,762.66,delivered
ORD-00373,2026-02-06,Rachel,Module F,3,256.79,770.37,confirmed
ORD-00369,2026-01-24,Sam,Device D,12,444.33,5331.96,delivered
ORD-00023,2026-01-03,Noah,Widget A,18,347.6,6256.8,pending
ORD-00001,2026-01-07,Eve,Unit G,6,369.17,2215.02,shipped
ORD-00418,2026-02-10,Rachel,Device D,14,43.51,609.14,cancelled
ORD-00411,2026-03-28,Rachel,Part H,11,126.97,1396.67,pending
ORD-00920,2026-02-22,Patrick,Tool C,15,424.0,6360.0,
ORD-00651,2026-01-28,Liam,Unit G,16,18.03,288.48,confirmed
ORD-00080,2026-03-01,Frank,Unit G,4,63.93,255.72,delivered
ORD-00582,2026-02-01,Diana,Widget A,1,472.09,472.09,shipped
ORD-00162,2026-02-21,Henry,Widget A,7,369.33,2585.31,pending
ORD-00652,2026-02-28,Charlie,Component E,4,422.56,1690.24,delivered
ORD-00438,2026-02-26,Grace,Gadget B,17,345.08,5866.36,cancelled
ORD-00631,2026-01-19,Sam,Component E,11,335.63,3691.93,confirmed
ORD-00445,2026-03-23,Sam,Unit G,9,319.67,2877.03,delivered
ORD-00608,2026-02-05,Liam,Module F,4,476.77,1907.08,delivered
ORD-00923,2026-02-13,Tina,Gadget B,5,454.58,2272.9,confirmed
ORD-00659,2026-03-15,Patrick,Widget A,10,263.78,2637.8,shipped
ORD-00625,2026-03-28,Frank,Unit G,4,329.61,1318.44,delivered
ORD-00600,2026-01-20,Noah,Tool C,5,333.91,1669.55,confirmed
ORD-00818,2026-03-13,Charlie,Tool C,14,68.63,960.82,shipped
ORD-00061,2026-01-11,Rachel,Part H,4,273.19,1092.76,delivered
ORD-00288,2026-02-20,Karen,Tool C,11,156.6,1722.6,pending
ORD-00170,2026-03-03,Liam,Tool C,6,215.5,1293.0,shipped
